{"cameraMode":{"drawMode":0,"name":"Shaded","section":"Shading Mode"},"sceneLighting":false,"audioPlay":false,"sceneViewState":{"showFog":true,"showMaterialUpdate":false,"showSkybox":false,"showFlares":true,"showImageEffects":true,"showParticleSystems":true},"in2DMode":false,"pivot":{"x":0.539582371711731,"y":-0.767508864402771,"z":1.3891873359680176},"rotation":{"x":0.24326129257678986,"y":0.052923593670129779,"z":-0.013293106108903885,"w":0.968432605266571},"size":3.2704546451568605,"orthographic":false}