{"cameraMode":{"drawMode":0,"name":"Shaded","section":"Shading Mode"},"sceneLighting":true,"audioPlay":false,"sceneViewState":{"showFog":true,"showMaterialUpdate":false,"showSkybox":true,"showFlares":true,"showImageEffects":true,"showParticleSystems":true},"in2DMode":false,"pivot":{"x":-6.754610061645508,"y":9.855323791503907,"z":15.629997253417969},"rotation":{"x":-0.23185189068317414,"y":0.18858154118061067,"z":-0.04587564989924431,"w":-0.953216552734375},"size":20.448017120361329,"orthographic":false}