{"cameraMode":{"drawMode":0,"name":"Shaded","section":"Shading Mode"},"sceneLighting":true,"audioPlay":false,"sceneViewState":{"showFog":true,"showMaterialUpdate":false,"showSkybox":true,"showFlares":true,"showImageEffects":true,"showParticleSystems":true},"in2DMode":false,"pivot":{"x":14.349459648132325,"y":11.960489273071289,"z":0.3118247985839844},"rotation":{"x":-0.32123711705207827,"y":-0.018466029316186906,"z":0.006262561306357384,"w":-0.9468013048171997},"size":6.289241790771484,"orthographic":false}